{"_step": 11, "_runtime": 57751.452531814575, "_timestamp": 1723327653.652845, "epoch_loss": 0.23733433306881108, "epoch_val_loss": 0.24209615844901244, "epoch": 12}