{"_step": 4, "_runtime": 21093.615262031555, "_timestamp": 1723270660.930243, "epoch_loss": 0.2680518736859949, "_wandb": {"runtime": 51}}