{"epoch_loss": 0.2680518736859949, "_timestamp": 1723270660.930243, "_runtime": 21093.615262031555, "_step": 4}